País,Ciudad,Población,Website,Departamento,Contacto,Dirección,Teléfono,Email
Albania,Bashkia Elbasan,217.578,https://elbasani.gov.al,"Directory of Planning, Economic Development and Transport",Alba Canaj,"Rruga Qemal Stafa, Elbasan, 3001",(++355) 692022717,alba.canaj@elbasani.gov.al
Albania,Tirana,520.000,,Promotion and Awareness Unit,Meri Lamce,"Pallati Bjorn, Bulevardi Gjergj Fishta 10, Tirane, 1001",(++355) 694649946,
Argentina,Alvear,8.397,,,,,,
Argentina,Avellaneda,29.314,,,,,,
Argentina,Bahia Blanca,400.000,,,,,,
Argentina,Ceres,26.006,,,,,,
Argentina,Chanar Ladeado,5.141,,,,,,
Argentina,Firmat,20.584,,,,,,
Argentina,Firmat (2),29.314,,,,,,
Argentina,Franck,5.327,,,,,,
Argentina,Galvez,20.124,,,,,,
Argentina,Luis Palacios,1.543,,,,,,
Argentina,Pueblo Esther,12.693,,,,,,
Argentina,Rafaela,102.236,,,,,,
Argentina,Roldan,35.000,,,,,,
Argentina,Rosario,1.334.086,,,,,,
Argentina,San Genaro,9.620,,,,,,
Argentina,San Javier,17.504,,,,,,
Argentina,San Jose de la Esquina,8.500,,,,,,
Argentina,San Justo,46.486,,,,,,
Argentina,San Martin de las Escobas,3.048,,,,,,
Argentina,"San Vicente, Santa Fe",6.265,,,,,,
Argentina,Santa Fe,408.572,,,,,,
Argentina,Sauce Viejo,14.425,,,,,,
Azerbaijan,Baku,2.333.600,http://www.ayna.gov.az,State Programs and Projects Coordination,Vusal Abbasov,"5, Haji Mammadov str., Baku, AZ1033",(++994) 12566 52 58,vusal.abbasov@ayna.gov.az
Bosnia and Herzegovina,Banja Luka,184.257,http://www.banjaluka.rs.ba/,Department for International Cooperation and Projects,Mladen Milakovic,"Trg srpskih vladara 1, 78000 Banja Luka",+387 65 847 116,mladen.milakovic@banjaluka.rs.ba
Bosnia and Herzegovina,Bijeljina,114.700,http://www.gradbijeljina.org/,Section for Local Economic Development and European Integration,Ankica Todorovic,"Trg Kralja Petra I Karadjordjevica 1, 76300 Bijeljina",(++387) 55 233 132,ankica.todorovic@gradbijeljina.org
Bosnia and Herzegovina,Gradiska,56.727,http://www.gradgradiska.com/,Department for communal and housing affairs,Dijana Janjetovic,"Vidovdanska 1a, 78400 Gradiska",(++387) 51 810 324,dijana.janjetovic@gradgradiska.com
Bosnia and Herzegovina,Kozarska Dubica,21.542,https://kozarskadubica.org/,Auto-moto drustvo KOZARA,AMD Kozara,"Vojvode R. Putnika 51, 79240 Kozarska Dubica",(++387) 52418102,amd.kozara@gmail.com
Bosnia and Herzegovina,Mostar,113.169,http://www.mostar.ba/,Sport association of the City of Mostar,Dzenan Suta,"dr. Ante Starcevica 34, 88000 Mostar",(++387) 61766950,ssgm.dzenan@gmail.com
Bosnia and Herzegovina,Sarajevo,275.524,http://sarajevo.ba/,City Service for Sustainable Development,Mirela Bilic,"Hamdije Kresevljakovica 3, 71000 Sarajevo",(++387) 33407964,mirela.bilic@sarajevo.ba
Bosnia and Herzegovina,Zavidovici,35.988,http://www.zavidovici.ba/,"Department for economy, local development, infrastructure and international collaboration",Dzeraldina Milicevic,"Mehmed pase Sokolovica, br. 9, 72220 Zavidovici",(++387) 61 153 544,dzeraldina.milicevic@zavidovici.ba
Bulgaria,Beloslav,8.296,,,,,,
Bulgaria,Burgas,198.035,,,,,,
Bulgaria,Gabrovo,51.000,,,,,,
Bulgaria,Hisarya,7.472,,,,,,
Bulgaria,Panagyurishte,30.000,,,,,,
Bulgaria,Plovdiv,347.851,,,,,,
Bulgaria,Ruse,141.231,,,,,,
Bulgaria,Sofia,1.300.000,,,,,,
Bulgaria,Strazhitsa,4.200,,,,,,
Bulgaria,Varna,500.000,,,,,,
Switzerland,Basel,200.000,http://basel-unterwegs.ch/mowo,Amt fur Mobilitat,Thomas Graf,"Dufourstrasse 40, CH-4001 Basel",(++41) 612678534,thomas.graf@bs.ch
Cyprus,Aradippou,25.000,http://www.aradippou.org.cy/,EU Affairs,Nikolas Karoullas,"Stadiou 8, 7103 Aradippou",0035724811090,euaffairs@aradippou.org.cy
Cyprus,Athienou,5.000,https://www.athienou.org.cy/,,Stalo Tziakouri,"Archiepiskopou Makariou c 2, 7600 Athienou",(++357) 24811370,technical-permissions@athienou.org.cy
Cyprus,Larnaka,65.000,http://www.larnaka.org.cy/,EUROPE DIRECT (Municipality of Larnaka),Myrto Katsouri,"P.O.Box 40045, 6300 Larnaka",(++357) 24620993,europedirectlarnaca@cytanet.com.cy
Cyprus,Limassol,108.000,https://www.limassol.org.cy/en/home,Green transition and climate change office,Nikos Parmaxis,"Town Hall, 23 Arch. Kyprianos, 3036 Limassol",(++357) 25345720,nparmaxis@limassol.org.cy
Cyprus,Nicosia,330.000,http://www.nicosia.org.cy/en-GB/home/,,Christina Christodoulou,"Eleftheria Square, P.O Box 21015, 1500 Nicosia",+357 22797453,christina.christodoulou@nicosia.org.cy
Cyprus,Pafos,42.000,,,,,,
Cyprus,Polis Chrysochous,3.500,,,,,,
Cyprus,Strovolos,57.000,,,,,,
Czech Republic,Benesov,17.000,,,,,,
Czech Republic,Brno,400.000,,,,,,
Czech Republic,Chrudim,22.500,,,,,,
Czech Republic,Decin,48.000,,,,,,
Czech Republic,Dobris,9.000,,,,,,
Czech Republic,Havirov,79.000,,,,,,
Czech Republic,Hodonin,27.209,,,,,,
Czech Republic,Holesov,11.408,,,,,,
Czech Republic,Hradec Kralove,93.000,,,,,,
Czech Republic,Jesenik,10.665,,,,,,
Czech Republic,Jicin,16.717,,,,,,
Czech Republic,Jihlava,51.125,,,,,,
Czech Republic,Kadan,17.500,,,,,,
Czech Republic,Kralupy nad Vltavou,18.770,,,,,,
Czech Republic,Kromeriz,27.900,,,,,,
Czech Republic,Liberec,104.163,,,,,,
Czech Republic,Litomysl,10.378,,,,,,
Czech Republic,Moravska Trebova,10.000,,,,,,
Czech Republic,Nove Mesto nad Metuji,10.000,,,,,,
Czech Republic,Novy Jicin,24.087,,,,,,
Czech Republic,Olomouc,103.063,,,,,,
Czech Republic,Opava,55.000,,,,,,
Czech Republic,Ostrava,283.320,,,,,,
Czech Republic,Otrokovice,18.050,,,,,,
Czech Republic,Praha,1.300.000,,,,,,
Czech Republic,Praha - Dolni Mecholupy,4.571,,,,,,
Czech Republic,Praha 14,53.587,,,,,,
Czech Republic,Steti,8.200,,,,,,
Czech Republic,Trebic,36.000,,,,,,
Czech Republic,Trinec,34.707,,,,,,
Czech Republic,Turnov,14.500,,,,,,
Czech Republic,Usti nad Labem,95.000,,,,,,
Czech Republic,Velke Mezirici,11.507,,,,,,
Ecuador,Cuenca,636.996,http://www.cuenca.gob.ec,Subgerencia de Movilidad Sostenible,Veronica Hormazabal Andrade,"Carlos Arizaga Toral y Tarquino Cordero, Edificio EMOV, 010206 Cuenca",(++593) 72855694,mhormazabal@emov.gob.ec
Estonia,Kiili vald,7.300,,,,,,
Estonia,Kohtla-Jarve,31.540,,,,,,
Estonia,Laane-Harju vald,13.816,,,,,,
Estonia,Parnu,51.849,,,,,,
Estonia,Rae vald,23.491,,,,,,
Estonia,Tallinn,460.999,https://www.tallinn.ee/,Urituste sektor,Kristjan Saar,"Vabaduse valjak 7, 15199 Tallinn",(++372) 56561506,kristjan.saar@tallinnlv.ee
Estonia,Tapa vald,10.900,,,,,,
Estonia,Tartu,97.852,http://www.tartu.ee/,,Olja Fomina,"Raekoja plats 3, Tartu 51003",,olja.fomina@tartu.ee
Estonia,Valga,14.853,,,,,,
Spain,A Coruña,244.850,http://www.coruna.es/,Área de Infraestructuras y Movilidad,José Luis Iglesias Vázquez,"Ayuntamiento de A Coruña, c/ Caballeros, nº 21, 15009 - A Coruña",(++34) 981 184 263,ji.vazquez@coruna.gal
Spain,Abrera,12.821,,mobilitat,assessormobilitat,"Plaça de la Constitució 1, 08630 Abrera - Barcelona",,assessormobilitat@abrera.cat
Spain,Adra,25.500,http://adra.es/,Policía Local,José Antonio,"Calle Camino Ingenio, 1, 04770 Adra",(++34) 607998881,agentetutor@adra.es
Spain,Agramunt,5.515,,,,,,
Spain,Aiguaviva,758,,,,,,
Spain,Albacete,172.340,http://www.albacete.es/,Infraestructuras y Movilidad Urbana,Juan Luis García Gómez,"Pza. Catedral S/n, 02071 Albacete",(++34) 967 59 61 00,jl.garcia@albacete.es
Spain,Albalat de la Ribera,3.444,,,,,,
Spain,Albesa,1.558,,,,,,
Spain,Alboraya,25.149,http://www.alboraya.com/,URBANISMO,SARA CATALUÑA SOLER,"CALLE MILAGROSA NUM 17, 46120 ALBORAYA, VALENCIA",(++34) 96 317 17 00,s.cataluna@alboraya.com
Spain,Alcalá de Henares,194.000,http://www.ayto-alcaladehenares.es/,,mrs,"Plaza Cervantes 12, 28801 Alcalá de Henares",(++34) 918883300,mambiente-educacion@ayto-alcaladehenares.es
Spain,Alcanar,9.900,,,,,,
Spain,Alcantarilla,43.547,http://www.alcantarilla.es/,Concejalía de Desarrollo Económico. Área de Industria y Medio Ambiente,Ayuntamiento de Alcantarilla,"Plaza Escultor Anastasio Martínez Varcárcel, 30820 Alcantarilla, Murcia",(++34) 968893401,jalopez@ayto-alcantarilla.es
Spain,Alella,10.217,,,,,,
Spain,Alguaire,3.200,,,,,,
Spain,Alicante,332.067,,Departamento de Movilidad Sostenible y Accesibilidad,Amparo Agulló Sánchez,"C/ Arzobispo Loaces, 13, 03003 Alicante",(++34) 965149081,amparo.agullo@alicante-ayto.es
Spain,Almatret,305,,,,,,
Spain,Almenar,25.126,,,,,,
Spain,Almendralejo,33.741,https://www.almendralejo.es/,Técnico de Ciudades Saludables y Sostenibles,María Inmaculada Nogales,"C/ Vistahermosa s/n, 06200 Almendralejo",(++34) 689376675,inmanogalesdiez@gmail.com
Spain,Almería,200.000,https://almeriaciudad.es/,"Delegación de Ciudad Activa, Movilidad Urbana y Deporte",Antonio Jesús Casimiro Andújar,"Plaza de la Constitución, s/n, 04003 Almería",(++34) 653110172,jluque@aytoalmeria.es
Spain,Altafulla,5.800,,,,,,
Spain,Alzira,49.700,http://www.alzira.es/,Emergencia Climática y Resiliencia,Pau Sapiña,"Calle sant roc 6, 46660 Alzira",+34610454744,pau.sapina@alzira.es
Spain,Amer,2.256,,,,,,
Spain,Ames,32.190,http://concellodeames.gal/,,,Ames,,beatriz.martinez@ames.gal
Spain,Amposta,21.317,,,,,,
Spain,Anglesola,1.300,,,,,,
Spain,Anglès,5.682,,,,,,
Spain,Arahal,19.536,,,,,,
Spain,Arbeca,2.100,,,,,,
Spain,Arbúcies,6.555,,,,,,
Spain,Arenys de mar,17.043,,,,,,
Spain,Argelaguer,484,,,,,,
Spain,Argentona,12.295,,,,,,
Spain,Arjona,5.650,,,,,,
Spain,Arroyo del Ojanco,2.288,,,,,,
Spain,Artesa de Lleida,1.525,,,,,,
Spain,Artesa de Segre,3.730,,,,,,
Spain,Ascó,1.682,,,,,,
Spain,Astillero,18.500,,,,,,
Spain,Atarfe,18.500,,,,,,
Spain,Avilés,77.791,http://www.aviles.es/,Urbanismo,Andrea DEL CUETO MENENDEZ,"Plaza de España s/n, 33401 Avilés",(++34) 985122139,adelcueto@aviles.es
Spain,Avinyonet de Puigventós,1.640,,,,,,
Spain,Avinyó,2.311,,,,,,
Spain,Badalona,225.000,https://www.badalona.cat/,Mobilitat,JOSEP AMADOR IGLESIAS MOLINA,"Pl. de l Assemblea de Catalunya 9-12 3ra planta, 08911 Badalona",(++34) 934832600,aiglesias@badalona.cat
Spain,Badia del Vallès,14.000,,,,,,
Spain,Bagà,2.299,,,,,,
Spain,Baix Pallars,115,,,,,,
Spain,Balaguer,16.485,,,,,,
Spain,Banyoles,20.100,,,,,,
Spain,Barañáin,20.000,http://www.baranain.es/,Policía,Carlos Javier Eransus Virto,"Plaza Consitorial s/n, 31010 Barañáin",(++34) 699312963,marmotilla70@yahoo.es
Spain,Barberà del Vallès,33.353,http://www.bdv.cat/,TERRITORI I MEDI AMBIENT,ELISENDA TORTAJADA FLORES,"CARRER CIRCUMVAL·LACIÓ, 14, 3A PLANTA, 08210 BARBERÀ DEL VALLÈS",(++34) 937297171,TORTAJADAFE@BDV.CAT
Spain,Barcelona,1.636.732,https://www.barcelona.cat/,"Departament de Participació, Gerència d Àrea de Mobilitat, Infraestructures i Serveis Urbans",Anna Sánchez Jiménez,"Avinguda Diagonal, 240, 08018 Barcelona",(++34) 667691268,asanchezj@bcn.cat
Spain,Basauri,40.449,http://www.basauri.eus/,Departamento de Medio Ambiente,Irene García Hernández,"C/ Kareaga Goikoa nº 52, 48970 Basauri",(++34) 944666307,ingurumena@basauri.eus
Spain,Begues,7.450,,,,,,
Spain,Begur,4.245,,,,,,
Spain,Belianes,514,,,,,,
Spain,Bell-lloc d'Urgell,2.361,,,,,,
Spain,Bellcaire d'Urgell,1.315,,,,,,
Spain,Bellvís,2.400,,,,,,
Spain,Benavent de Segrià,1.500,,,,,,
Spain,Benavente,17.261,,,,,,
Spain,Benetússer,15.493,,,,,,
Spain,Benidorm,66.642,,Ingeniería (Vía Pública y Movilidad),Lola Sanmartín Martínez,"Plaza de SS.MM los Reyes de España, 1, 03501 Benidorm",(++34) 620098801,dsanmartin@benidorm.org
Spain,Benifallet,724,,,,,,
Spain,Berga,16.760,http://www.ajberga.cat/,Medi Ambient,Cristina Ballonga Serra,"Plaça de Sant Pere, 1 - 08600 - Berga",(++34) 938214333,ballongasc@ajberga.cat
Spain,Besalú,2.441,,,,,,
Spain,Bescanó,5.000,,,,,,
Spain,Bigues i Riells del Fai,9.980,,,,,,
Spain,Bilbao,360.000,http://www.bilbao.eus,Área de Movilidad y Sostenibilidad del Ayuntamiento de Bilbao,Jose Gordejuela,"C/ Ibañez de Bilbao 4-5ºC, 48001 Bilbao",(++34) 656703212,jose@proyeccion.tv
Spain,Blancafort,398,,,,,,
Spain,Blanes,39.363,,,,,,
Spain,Boadella i les Escaules,17.723,,,,,,
Spain,Bolvir,378,,,,,,
Spain,Borredà,518,,,,,,
Spain,Bossòst,1.144,,,,,,
Spain,Breda,3.773,,,,,,
Spain,Burela,10.000,,,,,,
Spain,Burgos,175.821,http://www.aytoburgos.es/,Servicio de Movilidad y Transportes,José Antonio López Rodríguez,"Plaza de España s/n - Bajos del Mercado Norte-09005, Burgos",(++34) 947288800,jalrodriguez@aytoburgos.es
Spain,Cabra,21.000,,,,,,
Spain,Calafell,24.322,,,,,,
Spain,Caldes de Malavella,8.445,,,,,,
Spain,Caldes de Montbui,17.797,,,,,,
Spain,Calonge i Sant Antoni,10.400,,,,,,
Spain,Calp,25.854,http://www.ajcalp.es/,Participación Ciudadana,Esther Asperilla,"Plaza Constitución, S/N (Parque La Glorieta), 03710 Calp",(++34) 965 839 908,participacion@ajcalp.es
Spain,Calvià,50.000,http://www.calvia.com/responsive/principal.plt?KPAGINA=21&KIDIOMA=1,Environment,Jaime,"Ctra. Julià Bujosa Sans Batle, 1, 07184 Calvià, Illes Balears",(++34) 619608063,jsegui@calvia.com
Spain,Camarles,3.500,,,,,,
Spain,Cambrils,33.799,,,,,,
Spain,Campdevànol,3.215,,,,,,
Spain,Canet d'Adri,750,,,,,,
Spain,Canovelles,16.761,,,,,,
Spain,Carballo,31.200,http://www.carballo.gal/,Movilidad Urbana,Juan Seoane Collazo,"Plaza del Concello, s/n, 15100 Carballo (A Coruña)",(++34) 981704100,comunicacion@carballo.gal
Spain,Cartagena,215.418,http://cartagena.es/,Concejalía Movilidad y proyectos europeos,Matías Yepes Martinez,"Calle San Miguel, 8, 30201 Cartagena (Murcia)",(++34) 646 965 818,ciudadsostenible@ayto-cartagena.es
Spain,Cassà de la Selva,10.350,,,,,,
Spain,"Castell d'Aro, Platja d'Aro i S'Agaró",12.533,,,,,,
Spain,Castellar del Vallès,24.187,,,,,,
Spain,Cádiz,125.000,http://www.cadiz.es/,Tráfico y Movilidad,Rafael Barrecheguren,"Plaza San Juan de Puerto Rico, 11075 Cádiz",(++34) 956 24 11 65,rafael.barrechegurenmartin@cadiz.es
Spain,Sant Julià de Cerdanyola,261,,,,,,
Spain,Sant Julià de Ramis,3.300,,,,,,
Spain,Sant Just Desvern,20.000,,,,,,
Spain,Sant Pere de Ribes,32.000,,,,,,
Spain,Sant Pere de Riudebitlles,8.776,,,,,,
Spain,Sant Pere de Vilamajor,4.941,,,,,,
Spain,Sant Quintí de Mediona,2.300,,,,,,
Spain,Sant Quirze Safaja,687,,,,,,
Spain,Sant Quirze de Besora,2.125,,,,,,
Spain,Sant Vicenç dels Horts,28.000,,,,,,
Spain,Santa Bàrbara,3.777,,,,,,
Spain,Santa Coloma de Cervelló,8.200,,,,,,
Spain,Santa Coloma de Gramenet,120.500,http://www.gramenet.cat/,Gabinet d Acció Territorial,Jordi Plumed,"Plaça Olimp 3, 08921 Santa Coloma de Gramenet",(++34) 934624000,plumedmj@gramenet.cat
Spain,Santa Coloma de Queralt,2.850,,,,,,
Spain,Santa Cruz de Tenerife,208.688,https://www.santacruzdetenerife.es/,Movilidad y Accesibilidad Universal,Jaime,"Av. Tres de Mayo, 40, 38005 Santa Cruz de Tenerife",(++34) 692240984,jmarher@santacruzdetenerife.es
Spain,Santa Margarida i els Monjos,7.629,,,,,,
Spain,Santa Marta de Tormes,14.646,,,,,,
Spain,Santa María de Palautordera,9.994,,,,,,
Spain,Santa Pau,1.614,,,,,,
Spain,Santander,172.044,http://www.santander.es/,Área de Movilidad,Agustín Navarro Morante,"Plaza del Ayuntamiento, s/n, 39002 Santander",(++34) 942 200 652,anavarro@ayto-santander.es
Spain,Santiago de Compostela,99.633,http://www.santiagodecompostela.gal/,Concejalía de Movilidad,Lucía María Castro López,"Pazo de Raxoi, Praza do Obradoiro, 15706 Santiago de Compostela",(++34) 618509273,lcastrol@santiagodecompostela.gal
Spain,Santiponce,8.800,http://www.santiponce.es/,Delegación de educación,AGUSTINA FOLK MADRID,"c/ ARROYO S/N, CP:41970 SANTIPONCE (SEVILLA)",(++34) 955999930,agusfolk@yahoo.es
Spain,Santoña,13.000,,,,,,
Spain,Sarral,1.700,,,,,,
Spain,Savallà del Comtat,51,,,,,,
Spain,Sentmenat,9.523,,,,,,
Spain,Senyera,1.122,,,,,,
Spain,Seròs,25.183,,,,,,
Spain,Sestao,27.780,https://www.sestao.eus/,Innovation,Marina Ordorika,"Plaza el Kasko S/N, 48910 Sestao",(++34) 94944729075,maop@sestao.eus
Spain,Sevilla,684.164,http://www.sevilla.org/,MOVILIDAD,DIEGO JOSE GOMEZ GARCIA,"GALERA, 26. 2 A, 41001 Sevilla",(++34) 666406862,digomez@sevilla.org
Spain,Sitges,28.969,http://www.sitges.cat/,Mobilitat,Xavier Ribera Pujadas,"Carrer de les Pruelles, 1, 08870 Sitges",(++34) 93 810 91 00,riberapx@sitges.cat
Spain,Solivella,627,,,,,,
Spain,Solsona,9.152,,,,,,
Spain,Sort,2.200,,,,,,
Spain,Taradell,6.809,,,,,,
Spain,Tarragona,140.000,http://www.tarragona.cat/,Europe Direct Tarragona,MARTA DOMÈNECH VIRGILI,"Plaça Imperial Tarraco n. 1, 43001 Tarragona",(++34) 977 296 181,mdomenech@tarragona.cat
Spain,Terrassa,223.011,http://www.terrassa.cat/,Mobility,blank,"Av. Glòries Catalanes, 3, 08223 Terrassa",(++34) 609849800,mobilitat@terrassa.cat
Spain,Tiana,9.100,,,,,,
Spain,Tiurana,73,,,,,,
Spain,Tordera,18.421,,,,,,
Spain,Torelló,14.726,,,,,,
Spain,Torre-serona,411,,,,,,
Spain,Torrebesses,298,,,,,,
Spain,Torredembarra,17.984,,,,,,
Spain,Torrefarrera,4.601,,,,,,
Spain,Torrelameu,759,,,,,,
Spain,Torrent,89.401,https://torrent.es/,,Sergio Ferris,"c/Ramon y Cajal, 1, 46900 Torrent",,
Spain,Torres de Segre,2.200,,,,,,
Spain,Torrevieja,100.000,https://torrevieja.es/,Departamento de Policía Local,,"Plaza de la Constitución s/n, 03181 Torrevieja",(++34) 965 71 02 50,adrian.ovp@torrevieja.eu
Spain,Torroella de Montgri,12.421,,,,,,
Spain,Tortellà,816,,,,,,
Spain,Tortosa,37.000,,,,,,
Spain,Tremp,6.739,,,,,,
Spain,Tres Cantos,48.000,http://www.trescantos.es/,Concejalía de Movilidad,María del Mar Sánchez Chico de Guzmán,"Plaza del Ayuntamiento, 28760 Tres Cantos",(++34) 646703284,mmar.sanchez@trescantos.es
Spain,Tàrrega,16.620,,,,,,
Spain,Térmens,1.552,,,,,,
Spain,Tías,21.000,,,,,,
Spain,Ullà,1.200,,,,,,
Spain,Utebo,18.602,,,,,,
Spain,Vacarisses,7.563,,,,,,
Spain,Valdemoro,76.000,http://www.valdemoro.es/,Mobility / Movilidad,Ana Mª Gamo Beades,"Pza. de la Constitución, 1, 28341 Valdemoro, Madrid",(++34) 918099636,agamo@valdemoro.es
Spain,Valladolid,301.872,http://www.valladolid.es/,Urban Mobility Center,Roberto Riol,"C/ La Victoria, 4, 47009 Valladolid",(++34) 983 42 61 01,rriol@ava.es
Spain,Vallcebre,251,,,,,,
Spain,Vallfogona de Ripollès,214,,,,,,
Spain,Valls,25.038,http://www.valls.cat/,Mobilitat,Roger Bordas Pascual,"Muralla St. Antoni 8, 43800 Valls",(++34) 977609083,vias@valls.cat
Spain,València,809.501,http://www.valencia.es/,Mobility and Citizen Security,Jesús Carbonell Aguilar,"Amadeo de Saboya, 11 Patio B 3ª Planta, 46010 Valencia",(++34) 962085310,movilidadyseguridadciudadana@valencia.es
Spain,Vandellòs i l'Hospitalet de l'Infant,7.500,,,,,,
Spain,Ventalló,876,,,,,,
Spain,Vic,47.630,http://www.vic.cat/,Mobility Area,Joana Rodriguez Bergadà,"Plaça Miquel de Clariana, 5, 08500 Vic",(++34) 938862100,mobilitat@vic.cat
Spain,Vidreres,8.000,,,,,,
Spain,Vielha e Mijaran,6.000,,,,,,
Spain,Vigo,297.770,http://www.vigo.org/,Transportes,Carmen Pintado,"Plaza del Rey, 1, 36202 VIGO",(++34) 649405036,carmen.pintado@vigo.org
Spain,Vila-rodona,1.322,,,,,,
Spain,Vila-sacra,758,,,,,,
Spain,Vila-seca,24.616,http://www.vila-seca.cat/,Serveis al Territori,Pilar Redon,"Pl. Església, 26, 43480 VILA-SECA",(++34) 977309300,predon@vila-seca.cat
Spain,Vilablareix,2.549,,,,,,
Spain,Vilada,430,,,,,,
Spain,Viladecans,67.000,https://www.viladecans.cat/ca,Espai Públic,JUAN DIEGO PALACIOS GONZÁLEZ,"Ct. de la Vila, 13 - 08840, Viladecans",(++34) 93 635 18 01,jpalaciosg@viladecans.cat
Spain,Viladecavalls,7.392,,,,,,
Spain,Vilafant,5.645,,,,,,
Spain,Vilafranca del Penedès,39.516,http://www.vilafranca.cat/,Environment,Marta Vallès Vallès,"Plaça Jaume I, 8-10, 08720 Vilafranca del Penedès",(++34) 93 892 03 58,mediambient@vilafranca.org
Spain,Vilajuiga,1.112,,,,,,
Spain,Vilaller,532,,,,,,
Spain,Vilallonga de Ter,399,,,,,,
Spain,Vilallonga del Camp,2.532,,,,,,
Spain,Vilanova de Bellpuig,1.169,,,,,,
Spain,Vilanova i la Geltrú,70.293,http://www.vilanova.cat/,Mobilitat,Víctor Muñoz Alfonso,"Plaça de la Vila, 8, 08800 Vilanova i la Geltrú",(++34) 938140000,aescrigas@vilanova.cat
Spain,Vilassar de Dalt,8.950,,,,,,
Spain,Vilassar de Mar,21.500,,,,,,
Spain,Villamayor de Armuña,7.100,,,,,,
Spain,Villanueva de la Serena,26.202,,,,,,
Spain,Villardompardo,910,,,,,,
Spain,Villaviciosa de Odón,29.770,https://www.aytovillaviciosadeodon.es/,MOVILIDAD,IMANOL FERNÁNDEZ,"Pl. Constitución, 1, 28670 Villaviciosa de Odón, Madrid",(++34) 652703742,IFERNANDEZ@V-ODON.ES
Spain,Villena,34.100,http://www.villena.es/,"Movilidad, Accesibilidad y Medio Ambiente",Francisco Iniesta López,"Plaza de Santiago, 1, 03400 Villena (Alicante)",(++34) 650372987,lv@villena.es
Spain,Vilobí d'Onyar,3.183,,,,,,
Spain,Vinaixa,499,,,,,,
Spain,Vitoria-Gasteiz,258.808,http://www.vitoria-gasteiz.org/,MOVILIDAD,Marta Esteban,"Plaza de España 1, 01001 Vitoria-Gasteiz",(++34) 945 16 16 16,mesteban@vitoria-gasteiz.org
Spain,Vícar,25.024,,,,,,
Spain,Zamora,61.000,http://www.zamora.es/,"OBRAS, INFRAESTRUCTURAS, MOVILIDAD Y PARTICIPACIÓN CIUDADANA",PABLO NOVO ESPIÑEIRA,"CALLE SANTA ANA, 1, 49006 Zamora",,
Spain,Zaragoza,680.000,http://www.zaragoza.es/,Consejería de Medio Ambiente y Movilidad,José Antonio Chanca Cáceres,"Plaza del Pilar 18, 50071 Zaragoza",(++34) 976721961,jchanca@zaragoza.es
Spain,Àger,600,,,,,,
Finland,Akaa,16.500,,,,,,
Finland,Espoo,320.931,,,,,,
Finland,Forssa,16.470,,,,,,
Finland,Hameenlinna,68.433,,,,,,
Finland,Hamina,19.500,,,,,,
Finland,Hartola,2.500,,,,,,
Finland,Helsinki,650.000,,,,,,
Finland,Hyvinkaa,46.700,,,,,,
Finland,Iitti,6.700,,,,,,
Finland,Joensuu,76.000,,,,,,
Finland,Juuka,4.259,,,,,,
Finland,Kangasala,34.000,,,,,,
Finland,Kauniainen,10.250,,,,,,
Finland,Kemi,20.742,,,,,,
Finland,Kerava,37.103,,,,,,
Finland,Keuruu,9.123,,,,,,
Finland,Kirkkonummi,40.776,,,,,,
Finland,Kontiolahti,15.106,,,,,,
Finland,Kotka,50.500,,,,,,
Finland,Kronoby,6.321,,,,,,
Finland,Lahti,120.000,,,,,,
Finland,Lapinjarvi,2.540,,,,,,
Finland,Lempaala,25.000,,,,,,
Finland,Lohja,46.000,,,,,,
Finland,Marttila,1.910,,,,,,
Finland,Nurmes,9.000,,,,,,
Finland,Oulainen,7.000,,,,,,
Finland,Oulu,216.000,,,,,,
Finland,Outokumpu,6.400,,,,,,
Finland,Pori,83.000,,,,,,
Finland,Porvoo,50.361,,,,,,
Finland,Pyhtaa,5.000,,,,,,
Finland,Raahe,23.500,,,,,,
Finland,Rauma,39.000,,,,,,
Finland,Riihimaki,28.500,,,,,,
Finland,Sipoo,22.000,,,,,,
Finland,Suomussalmi,7.001,,,,,,
Finland,Tampere,260.000,,,,,,
Finland,Tohmajarvi,3.998,,,,,,
Finland,Turku,189.930,,,,,,
Finland,Tuusula,42.000,,,,,,
Finland,Vaasa,71.000,,,,,,
Finland,Vantaa,247.447,,,,,,
Finland,Vihti,30.000,,,,,,
France,Avallon,6.734,,,,,,
France,Bonneville,90.000,,,,,,
France,Brive-la-Gaillarde,46.599,,,,,,
France,CA Albigeois,84.183,,,,,,
France,CA Bassin Arcachon Nord,73.000,,,,,,
France,CA Cannes Pays de Lerins,162.000,,,,,,
France,CA Rochefort Ocean,65.000,,,,,,
France,CANGT Guadeloupe,57.173,,,,,,
France,CC Brie Nangissienne,28.200,,,,,,
France,CC Bugey-Sud,35.000,,,,,,
France,CC Caux-Austreberthe,25.000,,,,,,
France,CC Chataigneraie cantalienne,20.000,,,,,,
France,CC Dronne et Belle,11.393,,,,,,
France,CC Golfe de Saint-Tropez,60.000,,,,,,
France,CC Haut-Poitou,42.000,,,,,,
France,CC Isle et Crempse en Perigord,14.444,,,,,,
France,CC Terres du Val de Loire,50.000,,,,,,
France,CC de Cognac,35.000,,,,,,
France,Carry-le-Rouet,5.700,,,,,,
France,Caux Seine agglo,78.006,,,,,,
France,Ceret,110.000,,,,,,
France,Conseil General de la Somme,564.000,,,,,,
France,Cote Ouest Centre Manche,22.500,,,,,,
France,Draguignan,41.000,,,,,,
France,Eurometropole de Strasbourg,500.000,,,,,,
France,Flers Agglo,53.555,,,,,,
France,Grand Chatellerault,31.284,,,,,,
France,Haut Val de Sevre,30.551,,,,,,
France,Intercom Vire au Noireau,48.674,,,,,,
France,Issy-les-Moulineaux,70.000,,,,,,
France,L Ile-Rousse,10.982,,,,,,
France,La Reunion,859.959,,,,,,
France,Les Ponts-de-Ce,12.863,,,,,,
France,Lorient Agglomeration,205.000,,,,,,
France,Marnaz,6.000,,,,,,
France,Metropole Toulon,439.542,,,,,,
France,Metropole de Lyon,1.300.000,,,,,,
France,Montpellier,311.835,,,,,,
France,PETR Selestat Alsace,77.326,,,,,,
France,PNR du Luberon,180.000,,,,,,
France,Pelussin,4.000,,,,,,
France,Perpignan Metropole,273.000,,,,,,
France,Polynesie francaise,278.786,,,,,,
France,Quesnoy-sur-Deule,7.000,,,,,,
France,Quimper Bretagne Occidentale,102.000,,,,,,
France,Quimperle Communaute,58.531,,,,,,
France,SM Transports Petit Cul de Sac Marin,32.000,,,,,,
France,Saint-Chamas,8.593,,,,,,
France,Saint-Esprit,10.422,,,,,,
France,Saint-Flour Communaute,25.000,,,,,,
France,Saint-Nazaire,73.000,,,,,,
France,Teissier,30.000,,,,,,
France,Tulle,25.700,,,,,,
United Kingdom,Bedford,158.000,,,,,,
United Kingdom,Birmingham,1.144.900,,,,,,
United Kingdom,Bristol,4.724.700,,,,,,
United Kingdom,Chorleywood,11.286,,,,,,
United Kingdom,Darlington,97.000,,,,,,
United Kingdom,Doncaster,290.000,,,,,,
United Kingdom,Duffield,5.046,,,,,,
United Kingdom,Fife,370.000,,,,,,
United Kingdom,Hampshire,1.420.000,,,,,,
United Kingdom,Hemel Hempstead,535.000,,,,,,
United Kingdom,Hertfordshire,1.200.000,,,,,,
United Kingdom,High Wycombe,92.000,,,,,,
United Kingdom,Howden,4.142,,,,,,
United Kingdom,London,9.840.740,,,,,,
United Kingdom,Luton,202.000,,,,,,
United Kingdom,Maidenhead,58.843,,,,,,
United Kingdom,Manchester,425.000,,,,,,
United Kingdom,Manchester Trafford,10.000,,,,,,
United Kingdom,Matlock,11.000,,,,,,
United Kingdom,Newcastle-upon-Tyne,270.500,,,,,,
United Kingdom,Rickmansworth,25.410,,,,,,
United Kingdom,Slough,143.184,,,,,,
United Kingdom,Stockport and Tameside,,,,,,,
United Kingdom,Swindon,175.000,,,,,,
United Kingdom,Three Rivers,94.000,,,,,,
United Kingdom,Wakefield,109.767,,,,,,
United Kingdom,West Midlands - Sandwell,283.000,,,,,,
United Kingdom,Wokingham,30.500,,,,,,
Georgia,Tbilisi,1.202.731,http://tbilisi.gov.ge,Tbilisi Transport and Urban Development Agency,Daviti Aslanishvili,"Shartava st.7, 0141 Tbilisi",(++995) 598751513,D.aslanishvili@tbilisi.gov.ge
Greece,Agios Dimitrios,71.664,,,,,,
Greece,Alexandroupoli,72.959,,,,,,
Greece,Alimos,42.872,,,,,,
Greece,Argos,26.361,,,,,,
Greece,Athens,637.700,,,,,,
Greece,Chania,159.576,,,,,,
Greece,Dytiki Samos,12.600,,,,,,
Greece,Grevena,21.421,,,,,,
Greece,Heraklion,173.993,,,,,,
Greece,Heraklion Attica,50.494,,,,,,
Greece,Ilioupoli,76.730,,,,,,
Greece,Kalamata,69.849,,,,,,
Greece,Kilkis,27.000,,,,,,
Greece,Komotini,65.243,,,,,,
Greece,Kozani,67.224,,,,,,
Greece,Lamia,70.000,,,,,,
Greece,Larissa,164.093,,,,,,
Greece,Makrychori,13.712,,,,,,
Greece,Megalopoli,80.000,,,,,,
Greece,Municipality of Ioannina,113.978,,,,,,
Greece,Nea Orestiada,33.000,,,,,,
Greece,Palaio Faliro,65.000,,,,,,
Greece,Ptolemaida,42.515,,,,,,
Greece,Rethymno,62.886,,,,,,
Greece,Rhodes,120.000,,,,,,
Greece,Serres,58.287,,,,,,
Greece,Skidra,21.000,,,,,,
Greece,Thessaloniki,1.000.000,,,,,,
Greece,Trikala,80.287,,,,,,
Greece,Tripolis,47.000,,,,,,
Croatia,Crikvenica,9.980,,,,,,
Croatia,Grad Zapresic,23.223,,,,,,
Croatia,Karlovac,49.377,,,,,,
Croatia,Koprivnica,28.580,,,,,,
Croatia,Kutina,24.600,,,,,,
Croatia,Osijek,114.616,,,,,,
Croatia,Rijeka,128.000,,,,,,
Croatia,Sibenik,31.000,,,,,,
Croatia,Varazdin,46.946,,,,,,
Croatia,Zadar,71.259,,,,,,
Croatia,Zagreb,779.145,,,,,,
Ireland,Cork,210.000,https://corkcity.ie/en/,Community Culture & Placemaking,Frank Fitzgerald,"City Hall, Anglesea Street, Cork, T12 T997",(++353) 868127751,frank_fitzgerald@corkcity.ie
Ireland,Dublin City,500.000,http://www.dublincity.ie,Environment & Transport,Lucy Hayes,"Block 2, Floor 7, Civic Offices, Wood Quay, Dublin 8, D08 RF3F",(++353) 01 874559494,lucy.hayes@dublincity.ie
Ireland,Fingal,300.000,http://www.fingal.ie,"Environment, Climate Action, Active Travel & Sport",Stephen McGinn,"Civic Offices, Grove Road, Blanchardstown, D15W638",(++353) 1871103418,Stephen.mcginn@fingal.ie
Ireland,Waterford,51.519,http://www.waterfordcouncil.ie,Roads Department,Jemma Jacob,"Menapia Building, The Mall, Waterford, X91 PK15",(++353) 872142385,jjacob@waterfordcouncil.ie
Iceland,Akureyri,20.000,https://www.akureyri.is,,Katla Eiriksdottir,"Geislagata 9, 600 Akureyri",+3546591790,katlaei@akureyri.is
Iceland,Reykjavik,120.000,http://www.reykjavik.is/samgonguvika,Department of Environment and Planning,Bjorg Helgadottir,"Borgartun 12-14, 105 Reykjavik",(++354) 4118902,bjorg.helgadottir@reykjavik.is
Italy,Airasca,3.674,,,,,,
Italy,Alba,31.131,,,,,,
Italy,Aosta,34.000,,,,,,
Italy,Ascoli Piceno,46.000,,,,,,
Italy,Avellino,52.063,,,,,,
Italy,Bari,400.000,,,,,,
Italy,Barletta,95.000,,,,,,
Italy,Bassano del Grappa,43.000,,,,,,
Italy,Bellaria Igea Marina,19.400,,,,,,
Italy,Benna,1.165,,,,,,
Italy,Bergamo,121.547,,,,,,
Italy,Bitonto,53.000,,,,,,
Italy,Bologna,380.000,,,,,,
Italy,Borgo Valsugana,7.067,,,,,,
Italy,Brescia,200.000,,,,,,
Italy,Brunico,17.000,,,,,,
Italy,Buttapietra,7.500,,,,,,
Italy,CM Cagliari,542.470,,,,,,
Italy,CM Torino,2.259.520,,,,,,
Italy,Calenzano,18.000,,,,,,
Italy,Campobasso,48.000,,,,,,
Italy,Campogalliano,8.525,,,,,,
Italy,Canegrate,12.488,,,,,,
Italy,Capurso,15.572,,,,,,
Italy,Carpi,72.876,,,,,,
Italy,Casola di Napoli,4.000,,,,,,
Italy,Cassano d Adda,19.662,,,,,,
Italy,Castellaneta,15.975,,,,,,
Italy,Catania,300.000,,,,,,
Italy,Ceriano Laghetto,6.714,,,,,,
Italy,Cesena,96.885,,,,,,
Italy,Chiampo,13.000,,,,,,
Italy,Chieri,36.300,,,,,,
Italy,Collegno,48.000,,,,,,
Italy,Crema,34.264,,,,,,
Italy,Crevalcore,14.000,,,,,,
Italy,Cuneo,55.794,,,,,,
Italy,Endine Gaiano,3.459,,,,,,
Italy,Faenza,60.000,,,,,,
Italy,Fano,59.962,,,,,,
Italy,Ferrara,133.155,,,,,,
Italy,Fiorano Modenese,16.742,,,,,,
Italy,Firenze,366.767,,,,,,
Italy,Fossacesia,6.300,,,,,,
Italy,Galliera,5.608,,,,,,
Italy,Genova,566.410,,,,,,
Italy,Ginosa,22.582,,,,,,
Italy,Gioia del Colle,27.600,,,,,,
Italy,Grosseto,81.321,,,,,,
Italy,Ivrea,23.647,,,,,,
Italy,Jesi,39.800,,,,,,
Italy,L Aquila,60.000,,,,,,
Italy,Latiano,14.000,,,,,,
Italy,Lecce,95.000,,,,,,
Italy,Legnano,60.303,,,,,,
Italy,Livorno,158.371,,,,,,
Italy,Locate di Triulzi,10.145,,,,,,
Italy,Lucca,88.000,,,,,,
Italy,Mantova,48.770,,,,,,
Italy,Marcon,17.800,,,,,,
Italy,Martina Franca,48.877,,,,,,
Italy,Milano,1.407.044,,,,,,
Italy,Mirandola,23.900,,,,,,
Italy,Mirano,27.252,,,,,,
Italy,Modena,183.763,,,,,,
Italy,Monte Porzio Catone,10.000,,,,,,
Italy,Morro d Alba,1.900,,,,,,
Italy,Napoli,909.018,,,,,,
Italy,Nichelino,45.802,,,,,,
Italy,Novara,103.971,,,,,,
Italy,Occhiobello,12.000,,,,,,
Italy,Olbia,62.988,,,,,,
Italy,Padova,210.000,,,,,,
Italy,Palermo,673.735,,,,,,
Italy,Parghelia,1.270,,,,,,
Italy,Parma,191.734,,,,,,
Italy,Pavia,72.000,,,,,,
Italy,Pescara,119.000,,,,,,
Italy,Piacenza,103.478,,,,,,
Italy,Pisa,90.960,,,,,,
Italy,Pont Canavese,3.032,,,,,,
Italy,Procida,10.226,,,,,,
Italy,Ravenna,156.742,,,,,,
Italy,Reggio Emilia,171.000,,,,,,
Italy,Rimini,148.830,,,,,,
Italy,Riva del Garda,17.914,,,,,,
Italy,Rivoli,47.000,,,,,,
Italy,Rocca San Giovanni,2.300,,,,,,
Italy,Roccasicura,550,,,,,,
Italy,Roma,2.767.000,,,,,,
Italy,Rosa,14.500,,,,,,
Italy,San Dona di Piave,42.131,,,,,,
Italy,San Giovanni in Persiceto,28.000,,,,,,
Italy,San Possidonio,5.000,,,,,,
Italy,Sant Agata Bolognese,7.376,,,,,,
Italy,Santa Maria di Sala,17.900,,,,,,
Italy,Sapri,6.316,,,,,,
Italy,Sassoferrato,6.823,,,,,,
Italy,Settimo Torinese,47.000,,,,,,
Italy,TPL Como Lecco Varese,1.805.000,,,,,,
Italy,Taranto,198.000,,,,,,
Italy,Terracina,46.131,,,,,,
Italy,Torino,886.837,,,,,,
Italy,Torre del Greco,79.294,,,,,,
Italy,Tortona,27.246,,,,,,
Italy,Trani,54.795,,,,,,
Italy,Trento,116.000,,,,,,
Italy,Trieste,198.134,,,,,,
Italy,Udine,99.050,,,,,,
Italy,Vadena,1.127,,,,,,
Italy,Vaglio Basilicata,1.860,,,,,,
Italy,Venezia,264.579,,,,,,
Italy,Vicenza,114.000,,,,,,
Italy,Zugliano,6.909,,,,,,
Japan,Fukui,270.000,http://cfd-fukui.roba.iinaa.net/,NPO Fukui LRT Machizukuri,Hiroshi Hayashi,"Fukui, 918-8031",(++81) 0776 25 7968,roba@mbh.nifty.com
Japan,Hino-cho,20.555,https://www.town.shiga-hino.lg.jp/,Transportation & Environment Policy,Shimada Chiho,"Hino-cho, Shiga, 5291698",(++81) 0748526523,koutsu@town.shiga-hino.lg.jp
Japan,Kanazawa,465.700,http://www4.city.kanazawa.lg.jp/index.html,Transportation Policy Division,Takashi Murayama,"Kanazawa, 920-8577",(++81) 762202371,koutsuu@city.kanazawa.lg.jp
Japan,Osaka,2.697.724,https://cyclepicnic.wordpress.com/,Bicycle Culture Townmaking Association,Itaru Fujie,"Nishiyodogawa, Osaka, 555-0013",(++81) 06-6475-8885,fujie@aozora.or.jp
Japan,"Suginami Ward, Tokyo",577.236,https://www.city.suginami.tokyo.jp,Urban Development Dept.,Transportation Planning,"Suginami, Tokyo, 166-8570",(++81) 03-5307-0793,koutsu-kikaku@city.suginami.lg.jp
Japan,Zushi,56.138,http://www.city.zushi.kanagawa.jp/,Pedestrian & Bicycle Town Association,Morihiro Tani,"Kamakura, Kanagawa, 248-0003",,virgo0603@gmail.com
Kosovo,Fushe Kosova,34.827,https://kk.rks-gov.net/fushekosove/,Deparment of Urbanisem,Adnan Bullatovci,"Komuna e Fushe-Kosoves, 12000",038/ 200 40535,adnan.bullatovci@rks-gov.net
Kosovo,Hani i Elezit,8.533,https://haniielezit.rks-gov.net/,Directorate For Cadastric Urbanization And Environmental Protection,Fatbardha Bushi,"Rruga Nuri Bushi, nr.2, 71510 Hani i Elezit",+38344 227 955,fatbardha.h.bushi@rks-gov.net
Kosovo,Istog,33.066,https://istog.rks-gov.net/,Directorate For Cadastric Urbanization,Burbuqe Pepaj,"Rr.Fadil Ferati, 31000 Istog",+38346261178,Burbuqe.Pepaj@rks-gov.net
Kosovo,Junik,10.000,https://kk.rks-gov.net/junik/,Department for Public Services and Inspection,Demokrat Ganijaj,"Komuna e Junikut, 51050",(++381) 049 409 100,demokrat.ganijaj@rks-gov.net
Kosovo,Prishtina,227.154,https://kk.rks-gov.net/prishtine/,Urban planing,Fatbardha Mehmetukaj,"Rr. Nora e Hotit, Lagjja Arberia, 10000 Prishtina",(++381) 44/317-102,fatbardha.mehmetukaj@rks-gov.net
Kosovo,Prizren,200.000,http://kk.rks-gov.net/prizren/,Directory of Public services,Muhamet Bajrami,"Str. Remzi Ademaj, nn, 20000 Prizren",+37744740433,muhamet.i.bajrami@rks-gov.net
Lithuania,Akmenes rajonas,19.843,,,,,,
Lithuania,Alytus,50.477,,,,,,
Lithuania,Birzai,23.540,,,,,,
Lithuania,Jonava,41.248,,,,,,
Lithuania,Joniskio rajonas,20.289,,,,,,
Lithuania,Kalvarija,9.952,,,,,,
Lithuania,Kedainiai,23.323,,,,,,
Lithuania,Klaipeda,160.885,,,,,,
Lithuania,Klaipedos rajonas,69.000,,,,,,
Lithuania,Krakes,649,,,,,,
Lithuania,Kupiskis,6.000,,,,,,
Lithuania,Lazdijai,19.827,,,,,,
Lithuania,Mazeikiai,52.000,,,,,,
Lithuania,Naujoji Akmene,8.057,,,,,,
Lithuania,Panevezio miestas,85.878,,,,,,
Lithuania,Prienai,8.736,,,,,,
Lithuania,Rutele,17.031,,,,,,
Lithuania,Siauliai,118.907,,,,,,
Lithuania,Silale,4.556,,,,,,
Lithuania,Silute,38.203,,,,,,
Lithuania,Sirvintu rajonas,5.802,,,,,,
Lithuania,Skuodas,5.171,,,,,,
Lithuania,Taurage,21.520,,,,,,
Lithuania,Trakai,5.912,,,,,,
Lithuania,Ukmerge,36.434,,,,,,
Lithuania,Utena,42.025,,,,,,
Lithuania,Vilkaviskis,33.270,,,,,,
Lithuania,Vilnius,600.000,,,,,,
Lithuania,Visaginas,19.035,,,,,,
Luxembourg,AC Hesperange,17.119,,,,,,
Luxembourg,Bettembourg,11.826,,,,,,
Luxembourg,Biissen,3.502,,,,,,
Luxembourg,Diddeleng,22.500,,,,,,
Luxembourg,Ell,1.665,,,,,,
Luxembourg,Esch-Uelzecht,33.286,,,,,,
Luxembourg,Ettelbruck,8.700,,,,,,
Luxembourg,Ierpeldeng-Sauer,2.467,,,,,,
Luxembourg,Lentgen,3.482,,,,,,
Luxembourg,Mertert,5.557,,,,,,
Luxembourg,Peiteng,15.567,,,,,,
Luxembourg,Reiser,7.000,,,,,,
Luxembourg,Scheffleng,11.600,,,,,,
Luxembourg,Schetter,4.147,,,,,,
Luxembourg,Strassen,10.631,,,,,,
Luxembourg,Ville de Luxembourg,124.528,,,,,,
Luxembourg,Weiler-la-Tour,2.500,,,,,,
Latvia,Jurmala,60.378,http://www.jurmala.lv,Jurmalas Attistibas parvaldes Mobilitates nodala,Katrina Spurele,"Straumes iela 1A, Jurmala, LV-2015",(++371) 25643330,katrina.spurele@jurmala.lv
Latvia,Riga,621.369,https://www.riga.lv/lv,Department of External Communication of Riga City Council,Lelde Rudzika,"Ratslaukums 1, Centra rajons, Riga, LV-1050",(++371) 29393211,lelde.rudzika@riga.lv
Moldova,Chisinau,832.900,http://www.chisinau.md,City Hall of Chisinau Municipality,Ilie Ceban,"83, Stefan cel Mare bd., Chisinau, MD-2004",(++373) 22201514,primaria@pmc.md
Moldova,Ungheni,30.000,https://ungheni.md,Culture Sport and Youth,Atamuratov Marina,"Stefan cel Mare 79 ap 42, 3600 Ungheni",(++373) 78201203,
Montenegro,Bar,42.000,http://bar.me,Sekretarijat za komunalno stambene poslove,Ljubisa Tadic,"Bulevar revolucije 1, 85000 Bar",(++382) 67634607,ljubisa.tadic@bar.me
Montenegro,Podgorica,200.000,http://www.podgorica.me,International Cooperation Office,Teodora Kusovac,"Njegoseva 13, Podgorica 81000",(++382) 68101333,teodora.kusovac@podgorica.me
Montenegro,Tivat,17.000,https://opstinativat.me,Mayor's Office,Branka Celanovic,85320 Tivat,,pr@opstinativat.me
North Macedonia,Bitola,85.164,http://bitola.gov.mk/,Economic Development,Emilija Sarafska,"bul.1 Maj br.61, 7000 Bitola",(++389) 75600088,
North Macedonia,Kavadarci,35.700,http://www.kavadarci.gov.mk/,Inspection Oversight,Dragan Ramov,"Ploshtad Marshal Tito, 1430 Kavadarci",(++389) 72 307 241,
North Macedonia,Kocani,38.092,http://www.kocani.gov.mk/,Municipality of Kocani,Zaklina Paunovska-Angjelkovic,"Rade Kratovce br.1, 2300 Kocani",(++389) 078 354 079,paun.angel@kocani.gov.mk
North Macedonia,Prilep,69.025,http://www.prilep.gov.mk/,Local Economic Development,Vineta Ivanoska,"Prilepski braniteli 1, 7500 Prilep",(++389) 78 358 961,vineta.ivanoska@prilep.gov.mk
North Macedonia,Struga,50.980,http://www.struga.gov.mk/,Local Economic Development,Dragi Biceski,"Vlado Maleski str., 6330 Struga",(++389) 46 781 335,d.biceski@struga.gov.mk
North Macedonia,Strumica,33.825,https://strumica.gov.mk/,Municipality of Strumica,Nada Mihajlova,"ul Leninova No.15, 2400 Strumica",+38970760900,nada.mihajlova@strumica.gov.mk
North Macedonia,Veles,43.716,http://www.veles.gov.mk/,European Integration and Local Economic Development,Slavica Gajdova,"Panko Brashnar No.1, 1400 Veles",(++389) 70609495,slavica.gajdova@veles.gov.mk
Malta,Hal Qormi,18.000,http://www.qormilc.gov.mt,Local Council,Fiona Borg Lewis,"392 Triq il-Vittorja, Hal Qormi, Malta, QRM 2507",+356 7949 1238,Info@fionaborglewis.mt
Mexico,Chimalhuacan,800.000,http://chimalhuacan.gob.mx,Transito y Movilidad,Direccion de Transito Vialidad y Movilidad,"Acocili sin numero, 56236 Chimalhuacan",+525620881650,
Mexico,San Pedro Garza Garcia,132.169,https://www.sanpedro.gob.mx,Direccion de Movilidad,Ricardo Adrian Tovar Ramirez,"Independencia 233, 66200 San Pedro Garza Garcia",(++52) 8184004612,
Netherlands,Amsterdam,932.000,http://www.amsterdam.nl,Department of Transportation and Public Space,Ivo Frantzen,"Amstel 1, 1011PN, Amsterdam",,i.frantzen@amsterdam.nl
Netherlands,Den Haag,565.000,http://www.denhaag.nl,,Manon Bos,"Gemeente Den Haag, Spui 70, 2511 BT Den Haag",,manon.bos@denhaag.nl
Norway,Bergen,280.000,http://www.bergen.kommune.no,Department of urban development,Einar Grieg,"P.O.Box 7700, 5020 Bergen",(++47) 90072543,einar.grieg@bergen.kommune.no
Norway,Hamar,35.000,http://www.hamar.kommune.no,Miljo og klima,Lise Urset,"Vangsvegen 51, 2317 Hamar",(++47) 98470980,lise.urset@hamar.kommune.no
Norway,Oygarden,40.000,https://www.oygarden.kommune.no,"Culture, sports and leisure",Unni Sorensen,"Foldnesvegen 1, 5354 Oygarden",(++47) 56160000,unni.sorensen@oygarden.kommune.no
Norway,Stavanger,132.000,http://www.stavanger.kommune.no,Bymiljo og utbygging,Imme Dirks Eskeland,"Postboks 8001, 4068 Stavanger",(++47) 51508485,imme.dirks.eskeland@stavanger.kommune.no
Peru,Pichari,40.000,https://munipichari.gob.pe,Cusco,Darwin Lino Quispe Loayza,"Av. Heroes del Vraem S/n, 08850 Pichari",(++51) 980875502,xtammdx@gmail.com
Peru,Piura,599.207,http://www.gob.pe/munipiura,Piura,Gerardo Novillo Gonzales,"Jr. Ayacucho 377, Centro Civico, 20000 Piura",(++51) 913448923,gnovillo@munipiura.gob.pe
Peru,Santa Maria del Mar,1.700,http://munisantamariadelmar.gob.pe,Lima,Gianmarco Mendoza,"Av. Sardinero 100, Santa Maria del Mar",(++51) 974612339,gianmendozam@gmail.com
Peru,Trujillo,970.000,http://tmt.gob.pe,Transportes Metropolitanos de Trujillo,Victor Hugo Del Carpio Sedano,"Calle Paraguay 192, Urb. El Recreo, Trujillo",(++51) 956922944,gerenciageneral@tmt.gob.pe
Portugal,Agueda,46.131,,,,,,
Portugal,Albergaria-a-Velha,25.252,,,,,,
Portugal,Alcanena,13.868,,,,,,
Portugal,Alcochete,17.565,,,,,,
Portugal,Alenquer,44.442,,,,,,
Portugal,Almada,88.202,,,,,,
Portugal,Almeirim,22.000,,,,,,
Portugal,Alter do Chao,3.044,,,,,,
Portugal,Amarante,52.131,,,,,,
Portugal,Ansiao,11.642,,,,,,
Portugal,Arganil,12.145,,,,,,
Portugal,Avis,1.840,,,,,,
Portugal,Azambuja,21.814,,,,,,
Portugal,Barcelos,116.752,,,,,,
Portugal,Barreiro,80.000,,,,,,
Portugal,Braga,192.494,,,,,,
Portugal,Caldas da Rainha,25.314,,,,,,
Portugal,Camara de Lobos,32.162,,,,,,
Portugal,Castelo Branco,52.272,,,,,,
Portugal,Castro Verde,6.900,,,,,,
Portugal,Celorico da Beira,7.693,,,,,,
Portugal,Celorico de Basto,17.666,,,,,,
Portugal,Chaves,37.623,,,,,,
Portugal,Coimbra,143.396,,,,,,
Portugal,Coruche,19.000,,,,,,
Portugal,Covilha,47.127,,,,,,
Portugal,Entroncamento,22.000,,,,,,
Portugal,Evora,56.000,,,,,,
Portugal,Fafe,50.633,,,,,,
Portugal,Faro,583.051,,,,,,
Portugal,Figueira da Foz,62.600,,,,,,
Portugal,Figueira de Castelo Rodrigo,5.150,,,,,,
Portugal,Fornos de Algodres,4.989,,,,,,
Portugal,Funchal,111.892,,,,,,
Portugal,Gois,3.811,,,,,,
Portugal,Gouveia,12.222,,,,,,
Portugal,Guarda,40.126,,,,,,
Portugal,Guimaraes,156.849,,,,,,
Portugal,Ilhavo,39.235,,,,,,
Portugal,Lagos,31.000,,,,,,
Portugal,Lajes do Pico,4.342,,,,,,
Portugal,Lisboa,507.220,,,,,,
Portugal,Loule,70.260,,,,,,
Portugal,Loures,209.442,,,,,,
Portugal,Lourinha,8.797,,,,,,
Portugal,Lousa,17.606,,,,,,
Portugal,Machico,21.000,,,,,,
Portugal,Mafra,86.515,,,,,,
Portugal,Maia,135.306,,,,,,
Portugal,Marinha Grande,39.032,,,,,,
Portugal,Matosinhos,176.000,,,,,,
Portugal,Mealhada,24.952,,,,,,
Portugal,Mirandela,25.000,,,,,,
Portugal,Monchique,5.423,,,,,,
Portugal,Montijo,22.915,,,,,,
Portugal,Mortagua,8.963,,,,,,
Portugal,Mourao,1.542,,,,,,
Portugal,Nazare,10.300,,,,,,
Portugal,Oliveira de Azemeis,70.000,,,,,,
Portugal,Oliveira do Bairro,23.028,,,,,,
Portugal,Ourem,44.576,,,,,,
Portugal,Palmela,53.352,,,,,,
Portugal,Penacova,13.119,,,,,,
Portugal,Penafiel,69.687,,,,,,
Portugal,Pombal,55.217,,,,,,
Portugal,Ponta Delgada,68.809,,,,,,
Portugal,Ponte de Sor,8.958,,,,,,
Portugal,Povoa de Lanhoso,21.886,,,,,,
Portugal,Povoa de Varzim,62.785,,,,,,
Portugal,Praia da Vitoria,19.482,,,,,,
Portugal,Ribeira Grande,32.112,,,,,,
Portugal,Santa Cruz da Graciosa,4.267,,,,,,
Portugal,Santa Cruz das Flores,2.289,,,,,,
Portugal,Santa Maria da Feira,136.715,,,,,,
Portugal,Santo Tirso,71.530,,,,,,
Portugal,Sao Joao da Madeira,21.102,,,,,,
Portugal,Seia,24.000,,,,,,
Portugal,Seixal,166.525,,,,,,
Portugal,Serta,14.748,,,,,,
Portugal,Sever do Vouga,11.069,,,,,,
Portugal,Silves,36.174,,,,,,
Portugal,Sines,12.184,,,,,,
Portugal,Tavira,15.154,,,,,,
Portugal,Torres Vedras,20.000,,,,,,
Portugal,Trofa,38.612,,,,,,
Portugal,Vagos,22.889,,,,,,
Portugal,Valongo,101.464,,,,,,
Portugal,Vendas Novas,9.652,,,,,,
Portugal,Viana do Castelo,39.000,,,,,,
Portugal,Vila Franca de Xira,136.866,,,,,,
Portugal,Vila Nova de Famalicao,133.832,,,,,,
Portugal,Vila Nova de Poiares,7.141,,,,,,
Portugal,Vila Real,52.000,,,,,,
Portugal,Vila Real de Santo Antonio,18.824,,,,,,
Portugal,Vila Vicosa,4.635,,,,,,
Portugal,Vila de Rei,3.323,,,,,,
Romania,Aiud,22.934,,,,,,
Romania,Bacau,136.087,,,,,,
Romania,Bals,15.500,,,,,,
Romania,Belin,3.300,,,,,,
Romania,Bistrita,78.877,,,,,,
Romania,Brasov,237.500,,,,,,
Romania,Costesti,2.950,,,,,,
Romania,Cristuru Secuiesc,8.797,,,,,,
Romania,Darmanesti,14.000,,,,,,
Romania,Gradinari,3.200,,,,,,
Romania,Isaccea,5.026,,,,,,
Romania,Mateesti,2.898,,,,,,
Romania,Ramnicu Valcea,98.776,,,,,,
Romania,Roman,48.000,,,,,,
Romania,Rosiori de Vede,22.294,,,,,,
Romania,Sibiu,140.000,,,,,,
Romania,Targu Ocna,13.800,,,,,,
Romania,Tulcea,65.624,,,,,,
Romania,Videle,10.300,,,,,,
Serbia,Aleksinac,43.000,,,,,,
Serbia,Backa Palanka,60.000,,,,,,
Serbia,Bajina Basta,13.500,,,,,,
Serbia,Bela Palanka,12.126,,,,,,
Serbia,Grad Vranje,75.258,,,,,,
Serbia,Gradska opstina Vracar,57.000,,,,,,
Serbia,Kanjiza,20.000,,,,,,
Serbia,Kladovo,18.000,,,,,,
Serbia,Kragujevac,171.186,,,,,,
Serbia,Krusevac,113.951,,,,,,
Serbia,Kula,17.866,,,,,,
Serbia,Leskovac,123.950,,,,,,
Serbia,Nis,255.518,,,,,,
Serbia,Opstina Topola,19.500,,,,,,
Serbia,Plandiste,8.957,,,,,,
Serbia,Presevo,264,,,,,,
Serbia,Sombor,72.800,,,,,,
Serbia,Srbobran,15.337,,,,,,
Serbia,Sremska Mitrovica,73.000,,,,,,
Serbia,Svilajnac,20.141,,,,,,
Serbia,Vranjska Banja,10.842,,,,,,
Ukraine,Chernihiv,285.821,https://chernigiv-rada.gov.ua/,Transport Infrastructure and Communication Dept.,Oleksandr Ryzhiy,"Shevchenka st. 50, 14000 Chernihiv",(++380) 462675013,transport@chernigiv-rada.gov.ua
Ukraine,Chernivtsi,270.000,http://www.city.cv.ua/,Department of urban planning and architecture,Bohdan Staryk,"1, Central square, 58000 Chernivtsi",(++380) 932319531,bstaryk@gmail.com
Ukraine,Irshava,9.259,https://irshavaotg.gov.ua/,Economic Development and Investment Dept.,Vira Hlushko,"Narodna sq. 2, 90100 Irshava",(++380) 680889511,sektorekonomir@gmail.com
Ukraine,Kharkiv,1.300.000,https://www.city.kharkiv.ua/,Department of Construction and Roads,Matias Volodymyr,"Konstytutsii sq. 7, 61003 Kharkiv",,
Ukraine,Lviv,750.000,https://city-adm.lviv.ua/,Transport Department,Orest Oleskiv,"Akad. Sakharova str. 2, 79012 Lviv",,lviv.mobility@gmail.com
Ukraine,Poltava,312.000,http://rada-poltava.gov.ua/,Institute of City Development,Oleksiy Dovhal,"Nebesnoi Sotni st. 1/23, 36000 Poltava",(++380) 504097201,irm2030poltava@gmail.com
Ukraine,Uzhhorod,115.164,http://rada-uzhgorod.gov.ua/,Department of business management and economy,Pavlo Logvinov,"Poshtova sq. 3, 88000 Uzhhorod",(++380) 0312 613176,uep@rada-uzhgorod.gov.ua
